{"schemaVersion":"1.0","appDefinitionTemplate":{"id":"/providers/Microsoft.PowerApps/apps/","type":"Microsoft.PowerApps/apps","tags":{"primaryDeviceWidth":"1366","primaryDeviceHeight":"768","supportsPortrait":"false","supportsLandscape":"true","primaryFormFactor":"Tablet","showStatusBar":"false","publisherVersion":"3.23104.18","minimumRequiredApiVersion":"2.2.0","hasComponent":"true","hasUnlockedComponent":"true","isUnifiedRootApp":"false","sienaVersion":"20231109T043347Z-3.23104.18.0"},"properties":{"appVersion":"2023-11-09T04:33:47Z","lifeCycleId":"Published","createdByClientVersion":{"major":3,"minor":23104,"build":18,"revision":0,"majorRevision":0,"minorRevision":0},"minClientVersion":{"major":3,"minor":23104,"build":18,"revision":0,"majorRevision":0,"minorRevision":0},"backgroundColor":"rgba(204, 231, 246, 1)","backgroundImageUri":"/1098907494652488254/N2849f45f-7d5d-4ba0-906e-6337b499c2ed-logoSmallFile","displayName":"Collections Demo","description":"Demos collections using a SharePoint list","commitMessage":"","appUris":{"documentUri":{"value":"/1098907494652488254/N324f6cb9-31cc-4f71-ba8e-d10dd3366e7f-document.msapp"},"imageUris":[],"additionalUris":[]},"createdTime":"0001-01-01T00:00:00Z","lastModifiedTime":"0001-01-01T00:00:00Z","sharedGroupsCount":0,"sharedUsersCount":0,"connectionReferences":{"93c7cfa1-832e-409d-90d2-ea4992b8e463":{"id":"6ed40bb1-67cf-4a3d-ae4d-77494b559cc2","displayName":"SharePoint","iconUri":"https://connectoricons-prod.azureedge.net/releases/v1.0.1664/1.0.1664.3477/sharepointonline/icon.png","dataSources":["DemoCollection"],"dependencies":[],"dependents":[],"parameterHints":{},"parameterHintsV2":{},"isOnPremiseConnection":false,"bypassConsent":false,"dataSets":{"https://oxstudios.sharepoint.com/sites/PowerApps":{"dataSources":{"DemoCollection":{"tableName":"990b53ee-574d-489d-addc-fac002641bce"}}}},"apiTier":"Standard","isCustomApiConnection":false,"actions":["providers/PowerPlatform.Governance/Operations/Read","providers/PowerPlatform.Governance/Operations/Write"]}},"databaseReferences":{},"almMode":"Solution","performanceOptimizationEnabled":true,"canConsumeAppPass":true,"enableModernRuntimeMode":false,"executionRestrictions":{"isTeamsOnly":false,"dataLossPreventionEvaluationResult":{"status":"Compliant","lastEvaluationDate":"2023-09-07T12:34:12.8853343Z","violations":[],"violationsByPolicy":[],"violationErrorMessage":"The app uses the following connectors: ."}}},"appType":"ClassicCanvasApp","appComponents":[]}}