{"schemaVersion":"1.0","appDefinitionTemplate":{"id":"/providers/Microsoft.PowerApps/apps/","type":"Microsoft.PowerApps/apps","tags":{"primaryDeviceWidth":"1366","primaryDeviceHeight":"768","supportsPortrait":"false","supportsLandscape":"true","primaryFormFactor":"Tablet","showStatusBar":"false","publisherVersion":"3.23102.20","minimumRequiredApiVersion":"2.2.0","hasComponent":"false","hasUnlockedComponent":"false","isUnifiedRootApp":"false","sienaVersion":"20231026T234442Z-3.23102.20.0"},"properties":{"appVersion":"2023-10-26T23:44:42Z","lifeCycleId":"Published","createdByClientVersion":{"major":3,"minor":23102,"build":20,"revision":0,"majorRevision":0,"minorRevision":0},"minClientVersion":{"major":3,"minor":23102,"build":20,"revision":0,"majorRevision":0,"minorRevision":0},"backgroundColor":"rgba(0, 0, 0, 1)","backgroundImageUri":"/8450474456105758596/Ncf16d373-65c7-4735-8985-c2f784801dd3-logoSmallFile","displayName":"MP3Player","description":"Case Study on creating a media player similar to the old WinAmp days. Provides ability to create a playlist using a datasource.","commitMessage":"","appUris":{"documentUri":{"value":"/8450474456105758596/N22044410-90fd-4a06-995d-383ee2c0e3f0-document.msapp"},"imageUris":[],"additionalUris":[]},"createdTime":"0001-01-01T00:00:00Z","lastModifiedTime":"0001-01-01T00:00:00Z","sharedGroupsCount":0,"sharedUsersCount":0,"connectionReferences":{"c9e7cc39-2863-49eb-a492-eb9be516562f":{"id":"6ed40bb1-67cf-4a3d-ae4d-77494b559cc2","displayName":"SharePoint","iconUri":"https://connectoricons-prod.azureedge.net/releases/v1.0.1656/1.0.1656.3432/sharepointonline/icon.png","dataSources":["Demo"],"dependencies":[],"dependents":[],"parameterHints":{},"parameterHintsV2":{},"isOnPremiseConnection":false,"bypassConsent":false,"dataSets":{"https://oxstudios.sharepoint.com/sites/PowerApps":{"dataSources":{"Demo":{"tableName":"5a0819bf-b690-48cd-b685-a9f57ca91a2f"}}}},"apiTier":"Standard","isCustomApiConnection":false,"actions":["providers/PowerPlatform.Governance/Operations/Read"]}},"databaseReferences":{},"almMode":"Environment","performanceOptimizationEnabled":true,"canConsumeAppPass":true,"enableModernRuntimeMode":false,"executionRestrictions":{"isTeamsOnly":false,"dataLossPreventionEvaluationResult":{"status":"Compliant","lastEvaluationDate":"2023-10-24T01:12:00.3621716Z","violations":[],"violationsByPolicy":[],"violationErrorMessage":"The app uses the following connectors: shared_logicflows, shared_sharepointonline."},"httpActionRestriction":{"appUsesSharepointHttpAction":false,"enforcementStrategy":"Legacy","evaluationTime":"2023-10-24T01:12:00.3621317Z"}}},"appType":"ClassicCanvasApp","appComponents":[]}}