{"schemaVersion":"1.0","appDefinitionTemplate":{"id":"/providers/Microsoft.PowerApps/apps/","type":"Microsoft.PowerApps/apps","tags":{"primaryDeviceWidth":"1366","primaryDeviceHeight":"768","supportsPortrait":"false","supportsLandscape":"true","primaryFormFactor":"Tablet","showStatusBar":"false","publisherVersion":"3.23102.20","minimumRequiredApiVersion":"2.2.0","hasComponent":"true","hasUnlockedComponent":"true","isUnifiedRootApp":"false","sienaVersion":"20231103T050851Z-3.23102.20.0"},"properties":{"appVersion":"2023-11-03T05:08:51Z","lifeCycleId":"Published","createdByClientVersion":{"major":3,"minor":23102,"build":20,"revision":0,"majorRevision":0,"minorRevision":0},"minClientVersion":{"major":3,"minor":23102,"build":20,"revision":0,"majorRevision":0,"minorRevision":0},"backgroundColor":"rgba(209, 232, 178, 1)","backgroundImageUri":"/5268096093320361219/Nb8074137-1bce-4c70-a9e0-bb20c453de18-logoSmallFile","displayName":"Variables Demo","description":"Demo for variables. Good \"back pocket\" reference.","commitMessage":"","appUris":{"documentUri":{"value":"/5268096093320361219/N815dfa38-d345-48df-bd1b-80e058720a35-document.msapp"},"imageUris":[],"additionalUris":[]},"createdTime":"0001-01-01T00:00:00Z","lastModifiedTime":"0001-01-01T00:00:00Z","sharedGroupsCount":0,"sharedUsersCount":0,"connectionReferences":{},"databaseReferences":{},"almMode":"Environment","performanceOptimizationEnabled":true,"canConsumeAppPass":true,"enableModernRuntimeMode":false,"executionRestrictions":{"isTeamsOnly":false,"dataLossPreventionEvaluationResult":{"status":"Compliant","lastEvaluationDate":"2023-10-21T02:31:04.1839347Z","violations":[],"violationsByPolicy":[],"violationErrorMessage":"The app uses the following connectors: ."}}},"appType":"ClassicCanvasApp","appComponents":[]}}